,memory,version,dataset,metric,value
0,4 GB,SCAMPI (4 GB),Lab_FD_061014,setup in s,27.554737788
1,1 GB,SCAMPI (1 GB),MGHSleepElectromyography,setup in s,15.461995887
2,8 GB,SCAMPI (8 GB),Challenge2009TestSetA_101a,setup in s,63.691773067
3,2 GB,SCAMPI (2 GB),Challenge2009Respiration500HZ,setup in s,6.996051822
4,16 GB,SCAMPI (16 GB),stator_winding,setup in s,53.311742492
5,8 GB,SCAMPI (8 GB),MGHSleepElectromyography,setup in s,30.568472681
6,0.25 GB,SCAMPI (0.25 GB),BlackLeggedKittiwake,setup in s,3.013573349
7,0.5 GB,SCAMPI (0.5 GB),WindTurbine,setup in s,2.980505676
8,1 GB,SCAMPI (1 GB),Challenge2009TestSetA_101a,setup in s,9.866728231
9,2 GB,SCAMPI (2 GB),solarwind,setup in s,14.07454054
10,4 GB,SCAMPI (4 GB),EOG_one_hour_400_Hz,setup in s,18.978939059000002
11,2 GB,SCAMPI (2 GB),swtAttack7,setup in s,17.514139543
12,0.5 GB,SCAMPI (0.5 GB),CinC_Challenge,setup in s,7.354721042
13,0.5 GB,SCAMPI (0.5 GB),water,setup in s,4.005327493
14,1 GB,SCAMPI (1 GB),EOG_one_hour_50_Hz,setup in s,14.052994031
15,0.25 GB,SCAMPI (0.25 GB),swtAttack7,setup in s,4.304383534
16,8 GB,SCAMPI (8 GB),water,setup in s,24.542137559
17,1 GB,SCAMPI (1 GB),swtAttack38,setup in s,7.50627153
18,8 GB,SCAMPI (8 GB),stator_winding,setup in s,28.683088911
19,0.5 GB,SCAMPI (0.5 GB),stator_winding,setup in s,4.197251624
20,0.5 GB,SCAMPI (0.5 GB),solarwind,setup in s,11.896814268
21,16 GB,SCAMPI (16 GB),CinC_Challenge,setup in s,7.085252586
22,2 GB,SCAMPI (2 GB),house,setup in s,11.623629816
23,4 GB,SCAMPI (4 GB),Bird12-Week3_2018_1_10,setup in s,25.610112091
24,2 GB,SCAMPI (2 GB),BlackLeggedKittiwake,setup in s,9.659913921
25,8 GB,SCAMPI (8 GB),EOG_one_hour_50_Hz,setup in s,104.009279359
26,8 GB,SCAMPI (8 GB),swtAttack38,setup in s,57.668926599
27,0.5 GB,SCAMPI (0.5 GB),Challenge2009Respiration500HZ,setup in s,4.227799151
28,0.5 GB,SCAMPI (0.5 GB),MGHSleepElectromyography,setup in s,13.781018605
29,1 GB,SCAMPI (1 GB),stator_winding,setup in s,5.955965347
30,4 GB,SCAMPI (4 GB),CinC_Challenge,setup in s,7.27372516
31,1 GB,SCAMPI (1 GB),water,setup in s,5.447716099
32,16 GB,SCAMPI (16 GB),Lab_K_060314,setup in s,58.626924471
33,4 GB,SCAMPI (4 GB),SpainishEnergyDataset,setup in s,5.349804927
34,0.25 GB,SCAMPI (0.25 GB),stator_winding,setup in s,3.277378392
35,1 GB,SCAMPI (1 GB),Challenge2009Respiration500HZ,setup in s,5.437278555
36,0.25 GB,SCAMPI (0.25 GB),solarwind,setup in s,11.292601103
37,4 GB,SCAMPI (4 GB),Lab_K_060314,setup in s,32.704920083
38,16 GB,SCAMPI (16 GB),water,setup in s,46.140074871
39,1 GB,SCAMPI (1 GB),swtAttack7,setup in s,9.694322805
40,0.25 GB,SCAMPI (0.25 GB),Challenge2009Respiration500HZ,setup in s,3.709325535
41,0.25 GB,SCAMPI (0.25 GB),MGHSleepElectromyography,setup in s,13.791834852000001
42,2 GB,SCAMPI (2 GB),Challenge2009TestSetA_101a,setup in s,17.338103751
43,1 GB,SCAMPI (1 GB),solarwind,setup in s,12.437964562
44,4 GB,SCAMPI (4 GB),HAR_Ambient_Sensor_Data,setup in s,13.189681071
45,0.5 GB,SCAMPI (0.5 GB),swtAttack7,setup in s,5.6879359130000005
46,8 GB,SCAMPI (8 GB),Challenge2009Respiration500HZ,setup in s,23.305930195
47,2 GB,SCAMPI (2 GB),MGHSleepElectromyography,setup in s,17.345174465
48,4 GB,SCAMPI (4 GB),WindTurbine,setup in s,10.029822445
49,8 GB,SCAMPI (8 GB),swtAttack7,setup in s,62.200894568
50,8 GB,SCAMPI (8 GB),solarwind,setup in s,22.688041025
51,16 GB,SCAMPI (16 GB),Challenge2009TestSetA_101a,setup in s,135.788878285
52,16 GB,SCAMPI (16 GB),Lab_FD_061014,setup in s,53.530867354
53,16 GB,SCAMPI (16 GB),WindTurbine,setup in s,34.138397411
54,1 GB,SCAMPI (1 GB),house,setup in s,10.221220251
55,1 GB,SCAMPI (1 GB),BlackLeggedKittiwake,setup in s,6.381854158
56,2 GB,SCAMPI (2 GB),water,setup in s,7.964373055
57,2 GB,SCAMPI (2 GB),stator_winding,setup in s,9.009545195
58,0.25 GB,SCAMPI (0.25 GB),water,setup in s,3.206141064
59,0.25 GB,SCAMPI (0.25 GB),CinC_Challenge,setup in s,7.073655193
60,0.25 GB,SCAMPI (0.25 GB),WindTurbine,setup in s,2.51108607
61,0.5 GB,SCAMPI (0.5 GB),BlackLeggedKittiwake,setup in s,3.900572963
62,2 GB,SCAMPI (2 GB),EOG_one_hour_50_Hz,setup in s,24.730075862
63,8 GB,SCAMPI (8 GB),house,setup in s,21.060197682
64,8 GB,SCAMPI (8 GB),BlackLeggedKittiwake,setup in s,32.514497634
65,2 GB,SCAMPI (2 GB),swtAttack38,setup in s,14.628501684
66,16 GB,SCAMPI (16 GB),MGHSleepElectromyography,setup in s,51.144347554
67,16 GB,SCAMPI (16 GB),solarwind,setup in s,34.582181949
68,0.25 GB,SCAMPI (0.25 GB),Lab_K_060314,setup in s,25.308584397
69,16 GB,SCAMPI (16 GB),swtAttack38,setup in s,113.134122279
70,0.5 GB,SCAMPI (0.5 GB),Lab_FD_061014,setup in s,20.220290691
71,0.25 GB,SCAMPI (0.25 GB),HAR_Ambient_Sensor_Data,setup in s,12.498873913
72,0.25 GB,SCAMPI (0.25 GB),SpainishEnergyDataset,setup in s,4.892551417
73,2 GB,SCAMPI (2 GB),CinC_Challenge,setup in s,7.215264539
74,16 GB,SCAMPI (16 GB),SpainishEnergyDataset,setup in s,5.256330527
75,0.25 GB,SCAMPI (0.25 GB),EOG_one_hour_50_Hz,setup in s,4.748039583
76,16 GB,SCAMPI (16 GB),EOG_one_hour_50_Hz,setup in s,210.49382699
77,0.25 GB,SCAMPI (0.25 GB),Bird12-Week3_2018_1_10,setup in s,17.8832457
78,4 GB,SCAMPI (4 GB),house,setup in s,14.640218194000001
79,4 GB,SCAMPI (4 GB),BlackLeggedKittiwake,setup in s,18.615221841
80,2 GB,SCAMPI (2 GB),Bird12-Week3_2018_1_10,setup in s,21.55154585
81,16 GB,SCAMPI (16 GB),HAR_Ambient_Sensor_Data,setup in s,13.275533103
82,0.5 GB,SCAMPI (0.5 GB),Challenge2009TestSetA_101a,setup in s,5.845372185
83,16 GB,SCAMPI (16 GB),EOG_one_hour_400_Hz,setup in s,66.24622335
84,1 GB,SCAMPI (1 GB),WindTurbine,setup in s,3.933708594
85,16 GB,SCAMPI (16 GB),Challenge2009Respiration500HZ,setup in s,38.858447624
86,0.25 GB,SCAMPI (0.25 GB),EOG_one_hour_400_Hz,setup in s,2.087959674
87,8 GB,SCAMPI (8 GB),Lab_K_060314,setup in s,41.087787737
88,1 GB,SCAMPI (1 GB),HAR_Ambient_Sensor_Data,setup in s,13.492013196
89,8 GB,SCAMPI (8 GB),SpainishEnergyDataset,setup in s,5.550283606
90,0.25 GB,SCAMPI (0.25 GB),swtAttack38,setup in s,2.30862616
91,2 GB,SCAMPI (2 GB),Lab_FD_061014,setup in s,23.432770609
92,1 GB,SCAMPI (1 GB),Lab_K_060314,setup in s,27.183928109
93,8 GB,SCAMPI (8 GB),WindTurbine,setup in s,17.67131764
94,4 GB,SCAMPI (4 GB),swtAttack7,setup in s,32.326772825
95,2 GB,SCAMPI (2 GB),EOG_one_hour_400_Hz,setup in s,9.303177596
96,0.5 GB,SCAMPI (0.5 GB),house,setup in s,9.486703407
97,4 GB,SCAMPI (4 GB),solarwind,setup in s,16.665171049
98,1 GB,SCAMPI (1 GB),SpainishEnergyDataset,setup in s,5.259208524
99,8 GB,SCAMPI (8 GB),HAR_Ambient_Sensor_Data,setup in s,13.010355958
100,4 GB,SCAMPI (4 GB),Challenge2009Respiration500HZ,setup in s,11.097344663
101,0.25 GB,SCAMPI (0.25 GB),house,setup in s,8.907214702
102,4 GB,SCAMPI (4 GB),stator_winding,setup in s,15.239192934
103,1 GB,SCAMPI (1 GB),CinC_Challenge,setup in s,7.225866961
104,4 GB,SCAMPI (4 GB),water,setup in s,13.299647205
105,1 GB,SCAMPI (1 GB),Bird12-Week3_2018_1_10,setup in s,20.049471477
106,8 GB,SCAMPI (8 GB),CinC_Challenge,setup in s,7.209444838
107,0.5 GB,SCAMPI (0.5 GB),EOG_one_hour_400_Hz,setup in s,3.142762897
108,4 GB,SCAMPI (4 GB),swtAttack38,setup in s,29.241278317
109,0.25 GB,SCAMPI (0.25 GB),Challenge2009TestSetA_101a,setup in s,3.928516924
110,0.5 GB,SCAMPI (0.5 GB),swtAttack38,setup in s,4.141322502
111,8 GB,SCAMPI (8 GB),Bird12-Week3_2018_1_10,setup in s,34.879267584
112,4 GB,SCAMPI (4 GB),EOG_one_hour_50_Hz,setup in s,46.965833784
113,4 GB,SCAMPI (4 GB),Challenge2009TestSetA_101a,setup in s,33.082335503
114,1 GB,SCAMPI (1 GB),EOG_one_hour_400_Hz,setup in s,5.398651377
115,2 GB,SCAMPI (2 GB),Lab_K_060314,setup in s,29.191031514
116,0.5 GB,SCAMPI (0.5 GB),SpainishEnergyDataset,setup in s,5.34384586
117,8 GB,SCAMPI (8 GB),Lab_FD_061014,setup in s,36.443316933
118,0.5 GB,SCAMPI (0.5 GB),Bird12-Week3_2018_1_10,setup in s,19.081392424
119,0.5 GB,SCAMPI (0.5 GB),EOG_one_hour_50_Hz,setup in s,7.711786071
120,2 GB,SCAMPI (2 GB),SpainishEnergyDataset,setup in s,5.385944844
121,16 GB,SCAMPI (16 GB),house,setup in s,33.445203851
122,16 GB,SCAMPI (16 GB),BlackLeggedKittiwake,setup in s,66.324985351
123,8 GB,SCAMPI (8 GB),EOG_one_hour_400_Hz,setup in s,36.194027496
124,2 GB,SCAMPI (2 GB),WindTurbine,setup in s,6.101376529
125,1 GB,SCAMPI (1 GB),Lab_FD_061014,setup in s,21.456508177
126,0.25 GB,SCAMPI (0.25 GB),Lab_FD_061014,setup in s,19.440588919
127,4 GB,SCAMPI (4 GB),MGHSleepElectromyography,setup in s,22.250174807
128,0.5 GB,SCAMPI (0.5 GB),HAR_Ambient_Sensor_Data,setup in s,13.845716881
129,16 GB,SCAMPI (16 GB),swtAttack7,setup in s,130.17035632
130,2 GB,SCAMPI (2 GB),HAR_Ambient_Sensor_Data,setup in s,13.373839799
131,0.5 GB,SCAMPI (0.5 GB),Lab_K_060314,setup in s,26.437944371
132,4 GB,SCAMPI (4 GB),Lab_FD_061014,discovery in s,41.623979216
133,1 GB,SCAMPI (1 GB),MGHSleepElectromyography,discovery in s,15.168322632
134,8 GB,SCAMPI (8 GB),Challenge2009TestSetA_101a,discovery in s,184.460367702
135,2 GB,SCAMPI (2 GB),Challenge2009Respiration500HZ,discovery in s,24.469797304
136,16 GB,SCAMPI (16 GB),stator_winding,discovery in s,204.276458687
137,8 GB,SCAMPI (8 GB),MGHSleepElectromyography,discovery in s,80.309782134
138,0.25 GB,SCAMPI (0.25 GB),BlackLeggedKittiwake,discovery in s,7.687614992
139,0.5 GB,SCAMPI (0.5 GB),WindTurbine,discovery in s,8.100471339
140,1 GB,SCAMPI (1 GB),Challenge2009TestSetA_101a,discovery in s,30.101523579
141,2 GB,SCAMPI (2 GB),solarwind,discovery in s,29.553225866000002
142,4 GB,SCAMPI (4 GB),EOG_one_hour_400_Hz,discovery in s,97.413354099
143,2 GB,SCAMPI (2 GB),swtAttack7,discovery in s,50.656367694
144,0.5 GB,SCAMPI (0.5 GB),CinC_Challenge,discovery in s,0.37208844500000005
145,0.5 GB,SCAMPI (0.5 GB),water,discovery in s,9.544909739
146,1 GB,SCAMPI (1 GB),EOG_one_hour_50_Hz,discovery in s,40.217346848
147,0.25 GB,SCAMPI (0.25 GB),swtAttack7,discovery in s,9.305137894
148,8 GB,SCAMPI (8 GB),water,discovery in s,92.999731996
149,1 GB,SCAMPI (1 GB),swtAttack38,discovery in s,31.014685017
150,8 GB,SCAMPI (8 GB),stator_winding,discovery in s,104.873048839
151,0.5 GB,SCAMPI (0.5 GB),stator_winding,discovery in s,9.824534303
152,0.5 GB,SCAMPI (0.5 GB),solarwind,discovery in s,15.318583912
153,16 GB,SCAMPI (16 GB),CinC_Challenge,discovery in s,0.357591257
154,2 GB,SCAMPI (2 GB),house,discovery in s,17.959162684
155,4 GB,SCAMPI (4 GB),Bird12-Week3_2018_1_10,discovery in s,34.080023983
156,2 GB,SCAMPI (2 GB),BlackLeggedKittiwake,discovery in s,36.273164659
157,8 GB,SCAMPI (8 GB),EOG_one_hour_50_Hz,discovery in s,315.416894797
158,8 GB,SCAMPI (8 GB),swtAttack38,discovery in s,219.565051021
159,0.5 GB,SCAMPI (0.5 GB),Challenge2009Respiration500HZ,discovery in s,8.065966082
160,0.5 GB,SCAMPI (0.5 GB),MGHSleepElectromyography,discovery in s,9.679922256
161,1 GB,SCAMPI (1 GB),stator_winding,discovery in s,18.064465804
162,4 GB,SCAMPI (4 GB),CinC_Challenge,discovery in s,0.348381612
163,1 GB,SCAMPI (1 GB),water,discovery in s,16.454427054
164,16 GB,SCAMPI (16 GB),Lab_K_060314,discovery in s,82.580635332
165,4 GB,SCAMPI (4 GB),SpainishEnergyDataset,discovery in s,2.719786089
166,0.25 GB,SCAMPI (0.25 GB),stator_winding,discovery in s,5.234231655
167,1 GB,SCAMPI (1 GB),Challenge2009Respiration500HZ,discovery in s,13.984672525
168,0.25 GB,SCAMPI (0.25 GB),solarwind,discovery in s,12.125198861
169,4 GB,SCAMPI (4 GB),Lab_K_060314,discovery in s,29.292391852
170,16 GB,SCAMPI (16 GB),water,discovery in s,169.7568863
171,1 GB,SCAMPI (1 GB),swtAttack7,discovery in s,29.043663186
172,0.25 GB,SCAMPI (0.25 GB),Challenge2009Respiration500HZ,discovery in s,4.9758656530000005
173,0.25 GB,SCAMPI (0.25 GB),MGHSleepElectromyography,discovery in s,6.615500755
174,2 GB,SCAMPI (2 GB),Challenge2009TestSetA_101a,discovery in s,61.059888787
175,1 GB,SCAMPI (1 GB),solarwind,discovery in s,21.193940328
176,4 GB,SCAMPI (4 GB),HAR_Ambient_Sensor_Data,discovery in s,3.55551096
177,0.5 GB,SCAMPI (0.5 GB),swtAttack7,discovery in s,15.299345315
178,8 GB,SCAMPI (8 GB),Challenge2009Respiration500HZ,discovery in s,95.061695568
179,2 GB,SCAMPI (2 GB),MGHSleepElectromyography,discovery in s,26.036789293000002
180,4 GB,SCAMPI (4 GB),WindTurbine,discovery in s,43.41522916
181,8 GB,SCAMPI (8 GB),swtAttack7,discovery in s,163.749950132
182,8 GB,SCAMPI (8 GB),solarwind,discovery in s,93.449328447
183,16 GB,SCAMPI (16 GB),Challenge2009TestSetA_101a,discovery in s,364.348142861
184,16 GB,SCAMPI (16 GB),Lab_FD_061014,discovery in s,130.891163914
185,16 GB,SCAMPI (16 GB),WindTurbine,discovery in s,130.23429499
186,1 GB,SCAMPI (1 GB),house,discovery in s,10.169193747
187,1 GB,SCAMPI (1 GB),BlackLeggedKittiwake,discovery in s,19.404073526
188,2 GB,SCAMPI (2 GB),water,discovery in s,29.979018318
189,2 GB,SCAMPI (2 GB),stator_winding,discovery in s,32.609854285
190,0.25 GB,SCAMPI (0.25 GB),water,discovery in s,5.679220142
191,0.25 GB,SCAMPI (0.25 GB),CinC_Challenge,discovery in s,0.36813845100000003
192,0.25 GB,SCAMPI (0.25 GB),WindTurbine,discovery in s,5.118873042
193,0.5 GB,SCAMPI (0.5 GB),BlackLeggedKittiwake,discovery in s,10.645842368
194,2 GB,SCAMPI (2 GB),EOG_one_hour_50_Hz,discovery in s,74.981319678
195,8 GB,SCAMPI (8 GB),house,discovery in s,38.179179406
196,8 GB,SCAMPI (8 GB),BlackLeggedKittiwake,discovery in s,117.554797666
197,2 GB,SCAMPI (2 GB),swtAttack38,discovery in s,63.350173036
198,16 GB,SCAMPI (16 GB),MGHSleepElectromyography,discovery in s,153.699008417
199,16 GB,SCAMPI (16 GB),solarwind,discovery in s,189.028570899
200,0.25 GB,SCAMPI (0.25 GB),Lab_K_060314,discovery in s,4.568678004
201,16 GB,SCAMPI (16 GB),swtAttack38,discovery in s,353.724740969
202,0.5 GB,SCAMPI (0.5 GB),Lab_FD_061014,discovery in s,8.598854412
203,0.25 GB,SCAMPI (0.25 GB),HAR_Ambient_Sensor_Data,discovery in s,4.011210542
204,0.25 GB,SCAMPI (0.25 GB),SpainishEnergyDataset,discovery in s,3.518966594
205,2 GB,SCAMPI (2 GB),CinC_Challenge,discovery in s,0.36019862500000005
206,16 GB,SCAMPI (16 GB),SpainishEnergyDataset,discovery in s,2.673657592
207,0.25 GB,SCAMPI (0.25 GB),EOG_one_hour_50_Hz,discovery in s,13.517330212
208,16 GB,SCAMPI (16 GB),EOG_one_hour_50_Hz,discovery in s,611.964025433
209,0.25 GB,SCAMPI (0.25 GB),Bird12-Week3_2018_1_10,discovery in s,6.289281571
210,4 GB,SCAMPI (4 GB),house,discovery in s,25.984219332
211,4 GB,SCAMPI (4 GB),BlackLeggedKittiwake,discovery in s,68.633752299
212,2 GB,SCAMPI (2 GB),Bird12-Week3_2018_1_10,discovery in s,21.156422028
213,16 GB,SCAMPI (16 GB),HAR_Ambient_Sensor_Data,discovery in s,3.577065
214,0.5 GB,SCAMPI (0.5 GB),Challenge2009TestSetA_101a,discovery in s,15.168082443
215,16 GB,SCAMPI (16 GB),EOG_one_hour_400_Hz,discovery in s,259.573659784
216,1 GB,SCAMPI (1 GB),WindTurbine,discovery in s,14.692019901
217,16 GB,SCAMPI (16 GB),Challenge2009Respiration500HZ,discovery in s,187.978044032
218,0.25 GB,SCAMPI (0.25 GB),EOG_one_hour_400_Hz,discovery in s,26.60462802
219,8 GB,SCAMPI (8 GB),Lab_K_060314,discovery in s,46.461990426
220,1 GB,SCAMPI (1 GB),HAR_Ambient_Sensor_Data,discovery in s,3.519792065
221,8 GB,SCAMPI (8 GB),SpainishEnergyDataset,discovery in s,2.694070853
222,0.25 GB,SCAMPI (0.25 GB),swtAttack38,discovery in s,10.506590398
223,2 GB,SCAMPI (2 GB),Lab_FD_061014,discovery in s,24.69951694
224,1 GB,SCAMPI (1 GB),Lab_K_060314,discovery in s,9.686542032
225,8 GB,SCAMPI (8 GB),WindTurbine,discovery in s,82.60245568
226,4 GB,SCAMPI (4 GB),swtAttack7,discovery in s,90.913235381
227,2 GB,SCAMPI (2 GB),EOG_one_hour_400_Hz,discovery in s,65.363713943
228,0.5 GB,SCAMPI (0.5 GB),house,discovery in s,7.542885788
229,4 GB,SCAMPI (4 GB),solarwind,discovery in s,46.873278197
230,1 GB,SCAMPI (1 GB),SpainishEnergyDataset,discovery in s,2.635454021
231,8 GB,SCAMPI (8 GB),HAR_Ambient_Sensor_Data,discovery in s,3.52997147
232,4 GB,SCAMPI (4 GB),Challenge2009Respiration500HZ,discovery in s,47.890737737
233,0.25 GB,SCAMPI (0.25 GB),house,discovery in s,4.083879993
234,4 GB,SCAMPI (4 GB),stator_winding,discovery in s,56.559047242
235,1 GB,SCAMPI (1 GB),CinC_Challenge,discovery in s,0.363024938
236,4 GB,SCAMPI (4 GB),water,discovery in s,58.100258282
237,1 GB,SCAMPI (1 GB),Bird12-Week3_2018_1_10,discovery in s,14.474618787
238,8 GB,SCAMPI (8 GB),CinC_Challenge,discovery in s,0.345659209
239,0.5 GB,SCAMPI (0.5 GB),EOG_one_hour_400_Hz,discovery in s,35.542853876
240,4 GB,SCAMPI (4 GB),swtAttack38,discovery in s,111.562333218
241,0.25 GB,SCAMPI (0.25 GB),Challenge2009TestSetA_101a,discovery in s,8.724120299
242,0.5 GB,SCAMPI (0.5 GB),swtAttack38,discovery in s,16.82140763
243,8 GB,SCAMPI (8 GB),Bird12-Week3_2018_1_10,discovery in s,66.681243285
244,4 GB,SCAMPI (4 GB),EOG_one_hour_50_Hz,discovery in s,157.051392842
245,4 GB,SCAMPI (4 GB),Challenge2009TestSetA_101a,discovery in s,107.771301275
246,1 GB,SCAMPI (1 GB),EOG_one_hour_400_Hz,discovery in s,48.20936455
247,2 GB,SCAMPI (2 GB),Lab_K_060314,discovery in s,17.300390122
248,0.5 GB,SCAMPI (0.5 GB),SpainishEnergyDataset,discovery in s,2.677757367
249,8 GB,SCAMPI (8 GB),Lab_FD_061014,discovery in s,69.726779092
250,0.5 GB,SCAMPI (0.5 GB),Bird12-Week3_2018_1_10,discovery in s,10.113136078
251,0.5 GB,SCAMPI (0.5 GB),EOG_one_hour_50_Hz,discovery in s,24.249119762
252,2 GB,SCAMPI (2 GB),SpainishEnergyDataset,discovery in s,2.724530337
253,16 GB,SCAMPI (16 GB),house,discovery in s,51.109007374
254,16 GB,SCAMPI (16 GB),BlackLeggedKittiwake,discovery in s,222.695372969
255,8 GB,SCAMPI (8 GB),EOG_one_hour_400_Hz,discovery in s,148.42807245
256,2 GB,SCAMPI (2 GB),WindTurbine,discovery in s,27.245256647
257,1 GB,SCAMPI (1 GB),Lab_FD_061014,discovery in s,15.092526212
258,0.25 GB,SCAMPI (0.25 GB),Lab_FD_061014,discovery in s,5.251436817
259,4 GB,SCAMPI (4 GB),MGHSleepElectromyography,discovery in s,46.113254106
260,0.5 GB,SCAMPI (0.5 GB),HAR_Ambient_Sensor_Data,discovery in s,8.088479962
261,16 GB,SCAMPI (16 GB),swtAttack7,discovery in s,260.381949845
262,2 GB,SCAMPI (2 GB),HAR_Ambient_Sensor_Data,discovery in s,3.551490986
263,0.5 GB,SCAMPI (0.5 GB),Lab_K_060314,discovery in s,6.094164321
264,4 GB,SCAMPI (4 GB),Lab_FD_061014,extent @k,48.361936948
265,1 GB,SCAMPI (1 GB),MGHSleepElectromyography,extent @k,2212.6412697813
266,8 GB,SCAMPI (8 GB),Challenge2009TestSetA_101a,extent @k,356.5894322463
267,2 GB,SCAMPI (2 GB),Challenge2009Respiration500HZ,extent @k,73.7100268275
268,16 GB,SCAMPI (16 GB),stator_winding,extent @k,0.9058817693000001
269,8 GB,SCAMPI (8 GB),MGHSleepElectromyography,extent @k,590.6865298222
270,0.25 GB,SCAMPI (0.25 GB),BlackLeggedKittiwake,extent @k,151.9748246908
271,0.5 GB,SCAMPI (0.5 GB),WindTurbine,extent @k,0.8290595607
272,1 GB,SCAMPI (1 GB),Challenge2009TestSetA_101a,extent @k,526.0229945341
273,2 GB,SCAMPI (2 GB),solarwind,extent @k,119.7295624598
274,4 GB,SCAMPI (4 GB),EOG_one_hour_400_Hz,extent @k,1496.4441620544
275,2 GB,SCAMPI (2 GB),swtAttack7,extent @k,16.1745725164
276,0.5 GB,SCAMPI (0.5 GB),CinC_Challenge,extent @k,0.0
277,0.5 GB,SCAMPI (0.5 GB),water,extent @k,75.667009406
278,1 GB,SCAMPI (1 GB),EOG_one_hour_50_Hz,extent @k,2584.8092085578
279,0.25 GB,SCAMPI (0.25 GB),swtAttack7,extent @k,16.3229323997
280,8 GB,SCAMPI (8 GB),water,extent @k,29.2379969747
281,1 GB,SCAMPI (1 GB),swtAttack38,extent @k,6.8852234545
282,8 GB,SCAMPI (8 GB),stator_winding,extent @k,0.9063614888
283,0.5 GB,SCAMPI (0.5 GB),stator_winding,extent @k,0.9850028420000001
284,0.5 GB,SCAMPI (0.5 GB),solarwind,extent @k,70.6192600958
285,16 GB,SCAMPI (16 GB),CinC_Challenge,extent @k,0.0
286,2 GB,SCAMPI (2 GB),house,extent @k,0.0725484591
287,4 GB,SCAMPI (4 GB),Bird12-Week3_2018_1_10,extent @k,222.1454505866
288,2 GB,SCAMPI (2 GB),BlackLeggedKittiwake,extent @k,47.2579071023
289,8 GB,SCAMPI (8 GB),EOG_one_hour_50_Hz,extent @k,2584.8092085578
290,8 GB,SCAMPI (8 GB),swtAttack38,extent @k,6.922031001
291,0.5 GB,SCAMPI (0.5 GB),Challenge2009Respiration500HZ,extent @k,73.7100268275
292,0.5 GB,SCAMPI (0.5 GB),MGHSleepElectromyography,extent @k,2212.6412697813
293,1 GB,SCAMPI (1 GB),stator_winding,extent @k,0.9140685349000001
294,4 GB,SCAMPI (4 GB),CinC_Challenge,extent @k,0.0
295,1 GB,SCAMPI (1 GB),water,extent @k,66.182457626
296,16 GB,SCAMPI (16 GB),Lab_K_060314,extent @k,130.2010759451
297,4 GB,SCAMPI (4 GB),SpainishEnergyDataset,extent @k,0.0172921306
298,0.25 GB,SCAMPI (0.25 GB),stator_winding,extent @k,1.0223540943
299,1 GB,SCAMPI (1 GB),Challenge2009Respiration500HZ,extent @k,73.7100268275
300,0.25 GB,SCAMPI (0.25 GB),solarwind,extent @k,70.6192600958
301,4 GB,SCAMPI (4 GB),Lab_K_060314,extent @k,130.1832891957
302,16 GB,SCAMPI (16 GB),water,extent @k,33.8954222467
303,1 GB,SCAMPI (1 GB),swtAttack7,extent @k,16.1517280884
304,0.25 GB,SCAMPI (0.25 GB),Challenge2009Respiration500HZ,extent @k,63.2837225318
305,0.25 GB,SCAMPI (0.25 GB),MGHSleepElectromyography,extent @k,2212.6412697813
306,2 GB,SCAMPI (2 GB),Challenge2009TestSetA_101a,extent @k,444.5532657063
307,1 GB,SCAMPI (1 GB),solarwind,extent @k,136.5594301253
308,4 GB,SCAMPI (4 GB),HAR_Ambient_Sensor_Data,extent @k,1002.0321938404
309,0.5 GB,SCAMPI (0.5 GB),swtAttack7,extent @k,16.0370038532
310,8 GB,SCAMPI (8 GB),Challenge2009Respiration500HZ,extent @k,73.7100268275
311,2 GB,SCAMPI (2 GB),MGHSleepElectromyography,extent @k,1375.7778068762
312,4 GB,SCAMPI (4 GB),WindTurbine,extent @k,0.8280808533
313,8 GB,SCAMPI (8 GB),swtAttack7,extent @k,15.931652687
314,8 GB,SCAMPI (8 GB),solarwind,extent @k,119.7295624598
315,16 GB,SCAMPI (16 GB),Challenge2009TestSetA_101a,extent @k,318.4426708789
316,16 GB,SCAMPI (16 GB),Lab_FD_061014,extent @k,48.5108403012
317,16 GB,SCAMPI (16 GB),WindTurbine,extent @k,0.8280808533
318,1 GB,SCAMPI (1 GB),house,extent @k,0.0725484591
319,1 GB,SCAMPI (1 GB),BlackLeggedKittiwake,extent @k,62.7158430348
320,2 GB,SCAMPI (2 GB),water,extent @k,43.5675157586
321,2 GB,SCAMPI (2 GB),stator_winding,extent @k,0.9310760332
322,0.25 GB,SCAMPI (0.25 GB),water,extent @k,79.3631866348
323,0.25 GB,SCAMPI (0.25 GB),CinC_Challenge,extent @k,0.0
324,0.25 GB,SCAMPI (0.25 GB),WindTurbine,extent @k,0.8350568617
325,0.5 GB,SCAMPI (0.5 GB),BlackLeggedKittiwake,extent @k,118.2063993713
326,2 GB,SCAMPI (2 GB),EOG_one_hour_50_Hz,extent @k,2584.8092085578
327,8 GB,SCAMPI (8 GB),house,extent @k,0.0725885562
328,8 GB,SCAMPI (8 GB),BlackLeggedKittiwake,extent @k,34.2149685107
329,2 GB,SCAMPI (2 GB),swtAttack38,extent @k,6.8852234545
330,16 GB,SCAMPI (16 GB),MGHSleepElectromyography,extent @k,408.0023431185
331,16 GB,SCAMPI (16 GB),solarwind,extent @k,104.8431145793
332,0.25 GB,SCAMPI (0.25 GB),Lab_K_060314,extent @k,131.6563799615
333,16 GB,SCAMPI (16 GB),swtAttack38,extent @k,6.922031001
334,0.5 GB,SCAMPI (0.5 GB),Lab_FD_061014,extent @k,49.2053128974
335,0.25 GB,SCAMPI (0.25 GB),HAR_Ambient_Sensor_Data,extent @k,1002.0321938404
336,0.25 GB,SCAMPI (0.25 GB),SpainishEnergyDataset,extent @k,0.0172302644
337,2 GB,SCAMPI (2 GB),CinC_Challenge,extent @k,0.0
338,16 GB,SCAMPI (16 GB),SpainishEnergyDataset,extent @k,0.0172921306
339,0.25 GB,SCAMPI (0.25 GB),EOG_one_hour_50_Hz,extent @k,2584.8092085578
340,16 GB,SCAMPI (16 GB),EOG_one_hour_50_Hz,extent @k,2584.8092085578
341,0.25 GB,SCAMPI (0.25 GB),Bird12-Week3_2018_1_10,extent @k,248.8927249799
342,4 GB,SCAMPI (4 GB),house,extent @k,0.0718584996
343,4 GB,SCAMPI (4 GB),BlackLeggedKittiwake,extent @k,37.8843078608
344,2 GB,SCAMPI (2 GB),Bird12-Week3_2018_1_10,extent @k,229.9744821549
345,16 GB,SCAMPI (16 GB),HAR_Ambient_Sensor_Data,extent @k,1002.0321938404
346,0.5 GB,SCAMPI (0.5 GB),Challenge2009TestSetA_101a,extent @k,543.8014250754
347,16 GB,SCAMPI (16 GB),EOG_one_hour_400_Hz,extent @k,1496.4441620544
348,1 GB,SCAMPI (1 GB),WindTurbine,extent @k,0.8280808533
349,16 GB,SCAMPI (16 GB),Challenge2009Respiration500HZ,extent @k,58.6568372279
350,0.25 GB,SCAMPI (0.25 GB),EOG_one_hour_400_Hz,extent @k,1440.0518783175
351,8 GB,SCAMPI (8 GB),Lab_K_060314,extent @k,130.1874770819
352,1 GB,SCAMPI (1 GB),HAR_Ambient_Sensor_Data,extent @k,1002.0321938404
353,8 GB,SCAMPI (8 GB),SpainishEnergyDataset,extent @k,0.0172921306
354,0.25 GB,SCAMPI (0.25 GB),swtAttack38,extent @k,7.1111747453
355,2 GB,SCAMPI (2 GB),Lab_FD_061014,extent @k,48.8310550653
356,1 GB,SCAMPI (1 GB),Lab_K_060314,extent @k,130.5531494009
357,8 GB,SCAMPI (8 GB),WindTurbine,extent @k,0.8280808533
358,4 GB,SCAMPI (4 GB),swtAttack7,extent @k,15.931652687
359,2 GB,SCAMPI (2 GB),EOG_one_hour_400_Hz,extent @k,1496.4441620544
360,0.5 GB,SCAMPI (0.5 GB),house,extent @k,0.0725484591
361,4 GB,SCAMPI (4 GB),solarwind,extent @k,119.7295624598
362,1 GB,SCAMPI (1 GB),SpainishEnergyDataset,extent @k,0.0172921306
363,8 GB,SCAMPI (8 GB),HAR_Ambient_Sensor_Data,extent @k,1002.0321938404
364,4 GB,SCAMPI (4 GB),Challenge2009Respiration500HZ,extent @k,73.7100268275
365,0.25 GB,SCAMPI (0.25 GB),house,extent @k,0.1633397824
366,4 GB,SCAMPI (4 GB),stator_winding,extent @k,0.9332966304
367,1 GB,SCAMPI (1 GB),CinC_Challenge,extent @k,0.0
368,4 GB,SCAMPI (4 GB),water,extent @k,29.2379969747
369,1 GB,SCAMPI (1 GB),Bird12-Week3_2018_1_10,extent @k,229.9744821549
370,8 GB,SCAMPI (8 GB),CinC_Challenge,extent @k,0.0
371,0.5 GB,SCAMPI (0.5 GB),EOG_one_hour_400_Hz,extent @k,1440.0518783175
372,4 GB,SCAMPI (4 GB),swtAttack38,extent @k,6.922031001
373,0.25 GB,SCAMPI (0.25 GB),Challenge2009TestSetA_101a,extent @k,683.5518194191
374,0.5 GB,SCAMPI (0.5 GB),swtAttack38,extent @k,7.0507604975
375,8 GB,SCAMPI (8 GB),Bird12-Week3_2018_1_10,extent @k,214.535620507
376,4 GB,SCAMPI (4 GB),EOG_one_hour_50_Hz,extent @k,2584.8092085578
377,4 GB,SCAMPI (4 GB),Challenge2009TestSetA_101a,extent @k,383.0224837634
378,1 GB,SCAMPI (1 GB),EOG_one_hour_400_Hz,extent @k,1440.0518783175
379,2 GB,SCAMPI (2 GB),Lab_K_060314,extent @k,130.1832891957
380,0.5 GB,SCAMPI (0.5 GB),SpainishEnergyDataset,extent @k,0.0172921306
381,8 GB,SCAMPI (8 GB),Lab_FD_061014,extent @k,47.8038296616
382,0.5 GB,SCAMPI (0.5 GB),Bird12-Week3_2018_1_10,extent @k,247.9540989476
383,0.5 GB,SCAMPI (0.5 GB),EOG_one_hour_50_Hz,extent @k,2584.8092085578
384,2 GB,SCAMPI (2 GB),SpainishEnergyDataset,extent @k,0.0172921306
385,16 GB,SCAMPI (16 GB),house,extent @k,0.0726716323
386,16 GB,SCAMPI (16 GB),BlackLeggedKittiwake,extent @k,27.396193167
387,8 GB,SCAMPI (8 GB),EOG_one_hour_400_Hz,extent @k,1496.4441620544
388,2 GB,SCAMPI (2 GB),WindTurbine,extent @k,0.8280808533
389,1 GB,SCAMPI (1 GB),Lab_FD_061014,extent @k,49.0777743828
390,0.25 GB,SCAMPI (0.25 GB),Lab_FD_061014,extent @k,49.2841238014
391,4 GB,SCAMPI (4 GB),MGHSleepElectromyography,extent @k,1117.3732023105
392,0.5 GB,SCAMPI (0.5 GB),HAR_Ambient_Sensor_Data,extent @k,1002.0321938404
393,16 GB,SCAMPI (16 GB),swtAttack7,extent @k,16.0370038532
394,2 GB,SCAMPI (2 GB),HAR_Ambient_Sensor_Data,extent @k,1002.0321938404
395,0.5 GB,SCAMPI (0.5 GB),Lab_K_060314,extent @k,130.5531494009
396,4 GB,SCAMPI (4 GB),Lab_FD_061014,lower_bound,2.7247103597
397,1 GB,SCAMPI (1 GB),MGHSleepElectromyography,lower_bound,1.1565318607
398,8 GB,SCAMPI (8 GB),Challenge2009TestSetA_101a,lower_bound,3.4591799902
399,2 GB,SCAMPI (2 GB),Challenge2009Respiration500HZ,lower_bound,0.6168885148000001
400,16 GB,SCAMPI (16 GB),stator_winding,lower_bound,0.8598953142
401,8 GB,SCAMPI (8 GB),MGHSleepElectromyography,lower_bound,1.9948234108
402,0.25 GB,SCAMPI (0.25 GB),BlackLeggedKittiwake,lower_bound,0.4464628237
403,0.5 GB,SCAMPI (0.5 GB),WindTurbine,lower_bound,0.3911314189
404,1 GB,SCAMPI (1 GB),Challenge2009TestSetA_101a,lower_bound,2.417539274
405,2 GB,SCAMPI (2 GB),solarwind,lower_bound,0.3853621927
406,4 GB,SCAMPI (4 GB),EOG_one_hour_400_Hz,lower_bound,1.1485792598
407,2 GB,SCAMPI (2 GB),swtAttack7,lower_bound,2.3122294303
408,0.5 GB,SCAMPI (0.5 GB),CinC_Challenge,lower_bound,0.0
409,0.5 GB,SCAMPI (0.5 GB),water,lower_bound,0.4316639919
410,1 GB,SCAMPI (1 GB),EOG_one_hour_50_Hz,lower_bound,4.4985216321
411,0.25 GB,SCAMPI (0.25 GB),swtAttack7,lower_bound,1.6579651542
412,8 GB,SCAMPI (8 GB),water,lower_bound,0.9466315613
413,1 GB,SCAMPI (1 GB),swtAttack38,lower_bound,0.8603758388
414,8 GB,SCAMPI (8 GB),stator_winding,lower_bound,0.7570018578000001
415,0.5 GB,SCAMPI (0.5 GB),stator_winding,lower_bound,0.44832148860000004
416,0.5 GB,SCAMPI (0.5 GB),solarwind,lower_bound,0.24935200700000001
417,16 GB,SCAMPI (16 GB),CinC_Challenge,lower_bound,0.0
418,2 GB,SCAMPI (2 GB),house,lower_bound,0.2693482117
419,4 GB,SCAMPI (4 GB),Bird12-Week3_2018_1_10,lower_bound,3.3020101025
420,2 GB,SCAMPI (2 GB),BlackLeggedKittiwake,lower_bound,0.9307614799
421,8 GB,SCAMPI (8 GB),EOG_one_hour_50_Hz,lower_bound,6.3321159416
422,8 GB,SCAMPI (8 GB),swtAttack38,lower_bound,1.2494153485
423,0.5 GB,SCAMPI (0.5 GB),Challenge2009Respiration500HZ,lower_bound,0.4385111129
424,0.5 GB,SCAMPI (0.5 GB),MGHSleepElectromyography,lower_bound,0.8615774264
425,1 GB,SCAMPI (1 GB),stator_winding,lower_bound,0.551214945
426,4 GB,SCAMPI (4 GB),CinC_Challenge,lower_bound,0.0
427,1 GB,SCAMPI (1 GB),water,lower_bound,0.5528328318
428,16 GB,SCAMPI (16 GB),Lab_K_060314,lower_bound,5.1877498885
429,4 GB,SCAMPI (4 GB),SpainishEnergyDataset,lower_bound,0.1295637178
430,0.25 GB,SCAMPI (0.25 GB),stator_winding,lower_bound,0.36012709740000004
431,1 GB,SCAMPI (1 GB),Challenge2009Respiration500HZ,lower_bound,0.5128350304
432,0.25 GB,SCAMPI (0.25 GB),solarwind,lower_bound,0.1435663071
433,4 GB,SCAMPI (4 GB),Lab_K_060314,lower_bound,4.0799897619
434,16 GB,SCAMPI (16 GB),water,lower_bound,1.0375081911
435,1 GB,SCAMPI (1 GB),swtAttack7,lower_bound,2.1040544333
436,0.25 GB,SCAMPI (0.25 GB),Challenge2009Respiration500HZ,lower_bound,0.3641871955
437,0.25 GB,SCAMPI (0.25 GB),MGHSleepElectromyography,lower_bound,0.5510990746000001
438,2 GB,SCAMPI (2 GB),Challenge2009TestSetA_101a,lower_bound,2.8839455648
439,1 GB,SCAMPI (1 GB),solarwind,lower_bound,0.30980097840000004
440,4 GB,SCAMPI (4 GB),HAR_Ambient_Sensor_Data,lower_bound,0.0231336897
441,0.5 GB,SCAMPI (0.5 GB),swtAttack7,lower_bound,1.8661401511
442,8 GB,SCAMPI (8 GB),Challenge2009Respiration500HZ,lower_bound,0.9290489681
443,2 GB,SCAMPI (2 GB),MGHSleepElectromyography,lower_bound,1.4980580478
444,4 GB,SCAMPI (4 GB),WindTurbine,lower_bound,0.8462661608000001
445,8 GB,SCAMPI (8 GB),swtAttack7,lower_bound,2.6244919257
446,8 GB,SCAMPI (8 GB),solarwind,lower_bound,0.5969335926
447,16 GB,SCAMPI (16 GB),Challenge2009TestSetA_101a,lower_bound,3.7701175174
448,16 GB,SCAMPI (16 GB),Lab_FD_061014,lower_bound,3.5475573629
449,16 GB,SCAMPI (16 GB),WindTurbine,lower_bound,0.7467054360000001
450,1 GB,SCAMPI (1 GB),house,lower_bound,0.2380405083
451,1 GB,SCAMPI (1 GB),BlackLeggedKittiwake,lower_bound,0.7188808178
452,2 GB,SCAMPI (2 GB),water,lower_bound,0.7042938816000001
453,2 GB,SCAMPI (2 GB),stator_winding,lower_bound,0.6100112058
454,0.25 GB,SCAMPI (0.25 GB),water,lower_bound,0.3407873621
455,0.25 GB,SCAMPI (0.25 GB),CinC_Challenge,lower_bound,0.0
456,0.25 GB,SCAMPI (0.25 GB),WindTurbine,lower_bound,0.2773477334
457,0.5 GB,SCAMPI (0.5 GB),BlackLeggedKittiwake,lower_bound,0.5675374878
458,2 GB,SCAMPI (2 GB),EOG_one_hour_50_Hz,lower_bound,4.9957675466
459,8 GB,SCAMPI (8 GB),house,lower_bound,0.2668939033
460,8 GB,SCAMPI (8 GB),BlackLeggedKittiwake,lower_bound,1.2485824731
461,2 GB,SCAMPI (2 GB),swtAttack38,lower_bound,0.9800803033000001
462,16 GB,SCAMPI (16 GB),MGHSleepElectromyography,lower_bound,2.2742539274
463,16 GB,SCAMPI (16 GB),solarwind,lower_bound,0.7329437783
464,0.25 GB,SCAMPI (0.25 GB),Lab_K_060314,lower_bound,1.1311635095
465,16 GB,SCAMPI (16 GB),swtAttack38,lower_bound,1.3092675807
466,0.5 GB,SCAMPI (0.5 GB),Lab_FD_061014,lower_bound,1.2342705048
467,0.25 GB,SCAMPI (0.25 GB),HAR_Ambient_Sensor_Data,lower_bound,0.0694010691
468,0.25 GB,SCAMPI (0.25 GB),SpainishEnergyDataset,lower_bound,0.1143209275
469,2 GB,SCAMPI (2 GB),CinC_Challenge,lower_bound,0.0
470,16 GB,SCAMPI (16 GB),SpainishEnergyDataset,lower_bound,0.1295637178
471,0.25 GB,SCAMPI (0.25 GB),EOG_one_hour_50_Hz,lower_bound,3.6594191515
472,16 GB,SCAMPI (16 GB),EOG_one_hour_50_Hz,lower_bound,7.0002901391
473,0.25 GB,SCAMPI (0.25 GB),Bird12-Week3_2018_1_10,lower_bound,0.9666305921
474,4 GB,SCAMPI (4 GB),house,lower_bound,0.2668939033
475,4 GB,SCAMPI (4 GB),BlackLeggedKittiwake,lower_bound,1.172910808
476,2 GB,SCAMPI (2 GB),Bird12-Week3_2018_1_10,lower_bound,2.6988326131
477,16 GB,SCAMPI (16 GB),HAR_Ambient_Sensor_Data,lower_bound,0.0231336897
478,0.5 GB,SCAMPI (0.5 GB),Challenge2009TestSetA_101a,lower_bound,2.028867365
479,16 GB,SCAMPI (16 GB),EOG_one_hour_400_Hz,lower_bound,1.4877570278
480,1 GB,SCAMPI (1 GB),WindTurbine,lower_bound,0.5475839864000001
481,16 GB,SCAMPI (16 GB),Challenge2009Respiration500HZ,lower_bound,1.1520207204
482,0.25 GB,SCAMPI (0.25 GB),EOG_one_hour_400_Hz,lower_bound,0.5164752376
483,8 GB,SCAMPI (8 GB),Lab_K_060314,lower_bound,4.6104664422
484,1 GB,SCAMPI (1 GB),HAR_Ambient_Sensor_Data,lower_bound,0.0231336897
485,8 GB,SCAMPI (8 GB),SpainishEnergyDataset,lower_bound,0.1295637178
486,0.25 GB,SCAMPI (0.25 GB),swtAttack38,lower_bound,0.680819142
487,2 GB,SCAMPI (2 GB),Lab_FD_061014,lower_bound,2.352100396
488,1 GB,SCAMPI (1 GB),Lab_K_060314,lower_bound,2.6133777634
489,8 GB,SCAMPI (8 GB),WindTurbine,lower_bound,0.6613676719
490,4 GB,SCAMPI (4 GB),swtAttack7,lower_bound,2.446056214
491,2 GB,SCAMPI (2 GB),EOG_one_hour_400_Hz,lower_bound,1.0406590609
492,0.5 GB,SCAMPI (0.5 GB),house,lower_bound,0.1947604159
493,4 GB,SCAMPI (4 GB),solarwind,lower_bound,0.4760356498
494,1 GB,SCAMPI (1 GB),SpainishEnergyDataset,lower_bound,0.1295637178
495,8 GB,SCAMPI (8 GB),HAR_Ambient_Sensor_Data,lower_bound,0.0231336897
496,4 GB,SCAMPI (4 GB),Challenge2009Respiration500HZ,lower_bound,0.7506715662
497,0.25 GB,SCAMPI (0.25 GB),house,lower_bound,0.1947604159
498,4 GB,SCAMPI (4 GB),stator_winding,lower_bound,0.6688074666
499,1 GB,SCAMPI (1 GB),CinC_Challenge,lower_bound,0.0
500,4 GB,SCAMPI (4 GB),water,lower_bound,0.8860471413000001
501,1 GB,SCAMPI (1 GB),Bird12-Week3_2018_1_10,lower_bound,2.1265873026
502,8 GB,SCAMPI (8 GB),CinC_Challenge,lower_bound,0.0
503,0.5 GB,SCAMPI (0.5 GB),EOG_one_hour_400_Hz,lower_bound,0.6860641216000001
504,4 GB,SCAMPI (4 GB),swtAttack38,lower_bound,1.144673942
505,0.25 GB,SCAMPI (0.25 GB),Challenge2009TestSetA_101a,lower_bound,1.6712892087
506,0.5 GB,SCAMPI (0.5 GB),swtAttack38,lower_bound,0.7556344323
507,8 GB,SCAMPI (8 GB),Bird12-Week3_2018_1_10,lower_bound,3.9206536814
508,4 GB,SCAMPI (4 GB),EOG_one_hour_50_Hz,lower_bound,5.6017860048
509,4 GB,SCAMPI (4 GB),Challenge2009TestSetA_101a,lower_bound,3.2570705975
510,1 GB,SCAMPI (1 GB),EOG_one_hour_400_Hz,lower_bound,0.9019045194
511,2 GB,SCAMPI (2 GB),Lab_K_060314,lower_bound,3.3778882732
512,0.5 GB,SCAMPI (0.5 GB),SpainishEnergyDataset,lower_bound,0.1295637178
513,8 GB,SCAMPI (8 GB),Lab_FD_061014,lower_bound,3.0973203234
514,0.5 GB,SCAMPI (0.5 GB),Bird12-Week3_2018_1_10,lower_bound,1.6007402605
515,0.5 GB,SCAMPI (0.5 GB),EOG_one_hour_50_Hz,lower_bound,4.1255871963
516,2 GB,SCAMPI (2 GB),SpainishEnergyDataset,lower_bound,0.1295637178
517,16 GB,SCAMPI (16 GB),house,lower_bound,0.2380405083
518,16 GB,SCAMPI (16 GB),BlackLeggedKittiwake,lower_bound,1.3545228041
519,8 GB,SCAMPI (8 GB),EOG_one_hour_400_Hz,lower_bound,1.3027509725
520,2 GB,SCAMPI (2 GB),WindTurbine,lower_bound,0.7182595146
521,1 GB,SCAMPI (1 GB),Lab_FD_061014,lower_bound,1.7931854504
522,0.25 GB,SCAMPI (0.25 GB),Lab_FD_061014,lower_bound,0.7685080502
523,4 GB,SCAMPI (4 GB),MGHSleepElectromyography,lower_bound,1.7619646469
524,0.5 GB,SCAMPI (0.5 GB),HAR_Ambient_Sensor_Data,lower_bound,0.1156684486
525,16 GB,SCAMPI (16 GB),swtAttack7,lower_bound,2.6988401389
526,2 GB,SCAMPI (2 GB),HAR_Ambient_Sensor_Data,lower_bound,0.0231336897
527,0.5 GB,SCAMPI (0.5 GB),Lab_K_060314,lower_bound,1.8644695088
